# Wörtliche Zitate zu Belegen (ab Recherche R3, 29.09.2026). Je Zeile: der Textausschnitt aus Abstract,
# Open-Access-Volltext oder Tabelle, der den Stoff für genau diese Zutat belegt. Prüfen: npm run foodpairing:zitate
zutat	stoff	stoff_im_zitat	doi	url	fundstelle	zitat
Pfeffer	3-Caren	3-carene	10.3390/foods13152458	https://www.ebi.ac.uk/europepmc/webservices/rest/search?query=DOI%3A%2210.3390%2Ffoods13152458%22&resultType=core&format=json	Abstract	Additionally, relative odor activity values showed that 3-carene and D-limonene were the main contributors to flavor, with 3-carene, β-caryophyllene, and α-copaene being key volatiles responsible for flavor distinctions.
Pfeffer	Limonen	D-limonene	10.3390/foods13152458	https://www.ebi.ac.uk/europepmc/webservices/rest/search?query=DOI%3A%2210.3390%2Ffoods13152458%22&resultType=core&format=json	Abstract	Additionally, relative odor activity values showed that 3-carene and D-limonene were the main contributors to flavor, with 3-carene, β-caryophyllene, and α-copaene being key volatiles responsible for flavor distinctions.
Pfeffer	α-Pinen	α-pinene	10.3390/foods13152458	https://www.ebi.ac.uk/europepmc/webservices/rest/PMC11311442/fullTextXML	Volltext (PMC11311442)	In terms of ROAVs, the main monoterpenoids for pepper flavor were 3-carene, D-limonene, α-pinene, and p-cymene, while the main sesquiterpenes included β-caryophyllene and α-copaene.
Pfeffer	p-Cymol	p-cymene	10.3390/foods13152458	https://www.ebi.ac.uk/europepmc/webservices/rest/PMC11311442/fullTextXML	Volltext (PMC11311442)	In terms of ROAVs, the main monoterpenoids for pepper flavor were 3-carene, D-limonene, α-pinene, and p-cymene, while the main sesquiterpenes included β-caryophyllene and α-copaene.
Pfeffer	β-Caryophyllen	β-caryophyllene	10.3390/foods13152458	https://www.ebi.ac.uk/europepmc/webservices/rest/PMC11311442/fullTextXML	Volltext (PMC11311442)	In terms of ROAVs, the main monoterpenoids for pepper flavor were 3-carene, D-limonene, α-pinene, and p-cymene, while the main sesquiterpenes included β-caryophyllene and α-copaene.
Pfeffer	α-Copaen	α-copaene	10.3390/foods13152458	https://www.ebi.ac.uk/europepmc/webservices/rest/PMC11311442/fullTextXML	Volltext (PMC11311442)	In terms of ROAVs, the main monoterpenoids for pepper flavor were 3-carene, D-limonene, α-pinene, and p-cymene, while the main sesquiterpenes included β-caryophyllene and α-copaene.
Nelke	β-Caryophyllen	β-caryophyllene	10.1038/s41538-025-00687-2	https://www.ebi.ac.uk/europepmc/webservices/rest/PMC12887069/fullTextXML	Volltext (PMC12887069)	Clove, paprika and cayenne pepper are characterized by a combination of spicy and woody notes influenced by the expressive presence of β-caryophyllene.
Ahornsirup	Furaneol	Furaneol	10.1111/j.1745-459x.1991.tb00506.x	https://api.crossref.org/works/10.1111/j.1745-459x.1991.tb00506.x	Abstract (Crossref)	evaluate the sensory contributions of selected volatile compounds (Furaneol, 2,5–dimethyl‐4‐hydroxy‐3(2H)‐furanone; sugar furanone, 4,5‐dimethyl‐3‐hydroxy‐2(5H)‐furanone; guaiacol, 2‐methoxy phenol; vanillin, 4‐hydroxy‐3‐methoxy‐benzaldehyde) to maple syrup flavor. Descriptive sensory panels showed that all compounds contributed to maple flavor intensity, but sugar furanone was an exceptionally important determinant.
Ahornsirup	Sotolon	sugar furanone	10.1111/j.1745-459x.1991.tb00506.x	https://api.crossref.org/works/10.1111/j.1745-459x.1991.tb00506.x	Abstract (Crossref)	evaluate the sensory contributions of selected volatile compounds (Furaneol, 2,5–dimethyl‐4‐hydroxy‐3(2H)‐furanone; sugar furanone, 4,5‐dimethyl‐3‐hydroxy‐2(5H)‐furanone; guaiacol, 2‐methoxy phenol; vanillin, 4‐hydroxy‐3‐methoxy‐benzaldehyde) to maple syrup flavor. Descriptive sensory panels showed that all compounds contributed to maple flavor intensity, but sugar furanone was an exceptionally important determinant.
Ahornsirup	Guaiacol	guaiacol	10.1111/j.1745-459x.1991.tb00506.x	https://api.crossref.org/works/10.1111/j.1745-459x.1991.tb00506.x	Abstract (Crossref)	evaluate the sensory contributions of selected volatile compounds (Furaneol, 2,5–dimethyl‐4‐hydroxy‐3(2H)‐furanone; sugar furanone, 4,5‐dimethyl‐3‐hydroxy‐2(5H)‐furanone; guaiacol, 2‐methoxy phenol; vanillin, 4‐hydroxy‐3‐methoxy‐benzaldehyde) to maple syrup flavor. Descriptive sensory panels showed that all compounds contributed to maple flavor intensity, but sugar furanone was an exceptionally important determinant.
Ahornsirup	Vanillin	vanillin	10.1111/j.1745-459x.1991.tb00506.x	https://api.crossref.org/works/10.1111/j.1745-459x.1991.tb00506.x	Abstract (Crossref)	evaluate the sensory contributions of selected volatile compounds (Furaneol, 2,5–dimethyl‐4‐hydroxy‐3(2H)‐furanone; sugar furanone, 4,5‐dimethyl‐3‐hydroxy‐2(5H)‐furanone; guaiacol, 2‐methoxy phenol; vanillin, 4‐hydroxy‐3‐methoxy‐benzaldehyde) to maple syrup flavor. Descriptive sensory panels showed that all compounds contributed to maple flavor intensity, but sugar furanone was an exceptionally important determinant.
Basilikum	1,8-Cineol	eucalyptol	10.3390/molecules26133842	https://www.ebi.ac.uk/europepmc/webservices/rest/PMC8270316/fullTextXML	Volltext-Tabelle 2 (PMC8270316)	Persistent molecules found in basil aroma, selected by GC/O, with CAS Number and the descriptions assigned by the CC-O panelists. … eucalyptol 470-82-6 balsamic, eucalyptus, menthol
Basilikum	Estragol	estragole	10.3390/molecules26133842	https://www.ebi.ac.uk/europepmc/webservices/rest/PMC8270316/fullTextXML	Volltext-Tabelle 2 (PMC8270316)	Persistent molecules found in basil aroma, selected by GC/O, with CAS Number and the descriptions assigned by the CC-O panelists. … estragole 140-67-0 anis, liquorice, fennel
Basilikum	α-Pinen	a-pinene	10.3390/molecules26133842	https://www.ebi.ac.uk/europepmc/webservices/rest/PMC8270316/fullTextXML	Volltext-Tabelle 2 (PMC8270316)	Persistent molecules found in basil aroma, selected by GC/O, with CAS Number and the descriptions assigned by the CC-O panelists. … a-pinene 80-56-8 herbal, woody
Basilikum	Linalool	linalool	10.3390/molecules26133842	https://www.ebi.ac.uk/europepmc/webservices/rest/PMC8270316/fullTextXML	Volltext-Tabelle 2 (PMC8270316)	Persistent molecules found in basil aroma, selected by GC/O, with CAS Number and the descriptions assigned by the CC-O panelists. … linalool 78-70-6 flower, cytrus, vinegar
Basilikum	Myrcen	b-myrcene	10.3390/molecules26133842	https://www.ebi.ac.uk/europepmc/webservices/rest/PMC8270316/fullTextXML	Volltext-Tabelle 2 (PMC8270316)	Persistent molecules found in basil aroma, selected by GC/O, with CAS Number and the descriptions assigned by the CC-O panelists. … b-myrcene 123-35-3 flower, cytrus
Basilikum	Eugenol	eugenol	10.3390/molecules26133842	https://www.ebi.ac.uk/europepmc/webservices/rest/PMC8270316/fullTextXML	Volltext-Tabelle 2 (PMC8270316)	Persistent molecules found in basil aroma, selected by GC/O, with CAS Number and the descriptions assigned by the CC-O panelists. … eugenol 97-53-0 cloves, spices
Basilikum	β-Caryophyllen	b-caryophyllene	10.3390/molecules26133842	https://www.ebi.ac.uk/europepmc/webservices/rest/PMC8270316/fullTextXML	Volltext-Tabelle 2 (PMC8270316)	Persistent molecules found in basil aroma, selected by GC/O, with CAS Number and the descriptions assigned by the CC-O panelists. … b-caryophyllene 87-44-5 spices
Basilikum	Hexanal	hexanal	10.3390/molecules26133842	https://www.ebi.ac.uk/europepmc/webservices/rest/PMC8270316/fullTextXML	Volltext-Tabelle 2 (PMC8270316)	Persistent molecules found in basil aroma, selected by GC/O, with CAS Number and the descriptions assigned by the CC-O panelists. … hexanal 66-25-1 green grass, rancid
Knoblauch	Allylmethyldisulfid	allyl methyl disulfide	10.1021/acsfoodscitech.4c00540	https://api.openalex.org/works/doi:10.1021/acsfoodscitech.4c00540	Abstract (OpenAlex)	The fresh garlic sample contained allyl methyl disulfide and diallyl disulfide, which are responsible for the characteristic garlic odor, while in the black garlic samples, furfuryl alcohol was found to be the most dominant aroma-active compound.
Knoblauch	Diallyldisulfid	diallyl disulfide	10.1021/acsfoodscitech.4c00540	https://api.openalex.org/works/doi:10.1021/acsfoodscitech.4c00540	Abstract (OpenAlex)	The fresh garlic sample contained allyl methyl disulfide and diallyl disulfide, which are responsible for the characteristic garlic odor, while in the black garlic samples, furfuryl alcohol was found to be the most dominant aroma-active compound.
Schwarzer Knoblauch	Furfurylalkohol	furfuryl alcohol	10.1021/acsfoodscitech.4c00540	https://api.openalex.org/works/doi:10.1021/acsfoodscitech.4c00540	Abstract (OpenAlex)	The fresh garlic sample contained allyl methyl disulfide and diallyl disulfide, which are responsible for the characteristic garlic odor, while in the black garlic samples, furfuryl alcohol was found to be the most dominant aroma-active compound.
Knoblauch	Diallyldisulfid	diallyl disulfide	10.1016/j.fochx.2026.104379	https://www.ebi.ac.uk/europepmc/webservices/rest/PMC13571317/fullTextXML	Volltext (PMC13571317)	The OAV of diallyl disulfide was much higher than those of diallyl sulfide and diallyl trisulfide, indicating that diallyl disulfide made a greater contribution to the pungent odor of garlic.
Knoblauch	Diallylsulfid	Diallyl sulfide	10.1016/j.foodres.2025.117641	https://www.ebi.ac.uk/europepmc/webservices/rest/search?query=DOI%3A%2210.1016%2Fj.foodres.2025.117641%22&resultType=core&format=json	Abstract (PubMed/Europe PMC)	Twenty-eight compounds were identified as crucial aroma compounds through odor activity value (OAV), aroma extract dilution analysis (AEDA), and aroma extract concentration analysis (AECA). Diallyl sulfide, nonanal, and thiophenol were identified only by AEDA, whereas methyl(1E)-1-propenyl disulfide and 2,5-dimethylthiophene were exclusive to AECA.
Knoblauch	Nonanal	nonanal	10.1016/j.foodres.2025.117641	https://www.ebi.ac.uk/europepmc/webservices/rest/search?query=DOI%3A%2210.1016%2Fj.foodres.2025.117641%22&resultType=core&format=json	Abstract (PubMed/Europe PMC)	Twenty-eight compounds were identified as crucial aroma compounds through odor activity value (OAV), aroma extract dilution analysis (AEDA), and aroma extract concentration analysis (AECA). Diallyl sulfide, nonanal, and thiophenol were identified only by AEDA, whereas methyl(1E)-1-propenyl disulfide and 2,5-dimethylthiophene were exclusive to AECA.
Knoblauch	Thiophenol	thiophenol	10.1016/j.foodres.2025.117641	https://www.ebi.ac.uk/europepmc/webservices/rest/search?query=DOI%3A%2210.1016%2Fj.foodres.2025.117641%22&resultType=core&format=json	Abstract (PubMed/Europe PMC)	Twenty-eight compounds were identified as crucial aroma compounds through odor activity value (OAV), aroma extract dilution analysis (AEDA), and aroma extract concentration analysis (AECA). Diallyl sulfide, nonanal, and thiophenol were identified only by AEDA, whereas methyl(1E)-1-propenyl disulfide and 2,5-dimethylthiophene were exclusive to AECA.
Knoblauch	Methyl-(E)-1-propenyldisulfid	methyl(1E)-1-propenyl disulfide	10.1016/j.foodres.2025.117641	https://www.ebi.ac.uk/europepmc/webservices/rest/search?query=DOI%3A%2210.1016%2Fj.foodres.2025.117641%22&resultType=core&format=json	Abstract (PubMed/Europe PMC)	Twenty-eight compounds were identified as crucial aroma compounds through odor activity value (OAV), aroma extract dilution analysis (AEDA), and aroma extract concentration analysis (AECA). Diallyl sulfide, nonanal, and thiophenol were identified only by AEDA, whereas methyl(1E)-1-propenyl disulfide and 2,5-dimethylthiophene were exclusive to AECA.
Knoblauch	2,5-Dimethylthiophen	2,5-dimethylthiophene	10.1016/j.foodres.2025.117641	https://www.ebi.ac.uk/europepmc/webservices/rest/search?query=DOI%3A%2210.1016%2Fj.foodres.2025.117641%22&resultType=core&format=json	Abstract (PubMed/Europe PMC)	Twenty-eight compounds were identified as crucial aroma compounds through odor activity value (OAV), aroma extract dilution analysis (AEDA), and aroma extract concentration analysis (AECA). Diallyl sulfide, nonanal, and thiophenol were identified only by AEDA, whereas methyl(1E)-1-propenyl disulfide and 2,5-dimethylthiophene were exclusive to AECA.
Röstknoblauch	Allylmethyltrisulfid	allyl methyl trisulfide	10.1021/bk-2011-1068.ch007	https://api.openalex.org/works/doi:10.1021/bk-2011-1068.ch007	Abstract (OpenAlex)	Relative potency of individual odorants was determined by gas chromatography-olfactometry of decreasing static headspace samples (GCO-H) and by aroma extract dilution analysis (AEDA) of solvent extracts. Predominant odorants were mainly sulfur compounds (allyl methyl trisulfide, diallyl trisulfide, 2-vinyl- 4H -1,3-dithiin, dimethyl trisulfide and diallyl disulfide).
Röstknoblauch	Diallyltrisulfid	diallyl trisulfide	10.1021/bk-2011-1068.ch007	https://api.openalex.org/works/doi:10.1021/bk-2011-1068.ch007	Abstract (OpenAlex)	Relative potency of individual odorants was determined by gas chromatography-olfactometry of decreasing static headspace samples (GCO-H) and by aroma extract dilution analysis (AEDA) of solvent extracts. Predominant odorants were mainly sulfur compounds (allyl methyl trisulfide, diallyl trisulfide, 2-vinyl- 4H -1,3-dithiin, dimethyl trisulfide and diallyl disulfide).
Röstknoblauch	2-Vinyl-4H-1,3-dithiin	2-vinyl- 4H -1,3-dithiin	10.1021/bk-2011-1068.ch007	https://api.openalex.org/works/doi:10.1021/bk-2011-1068.ch007	Abstract (OpenAlex)	Relative potency of individual odorants was determined by gas chromatography-olfactometry of decreasing static headspace samples (GCO-H) and by aroma extract dilution analysis (AEDA) of solvent extracts. Predominant odorants were mainly sulfur compounds (allyl methyl trisulfide, diallyl trisulfide, 2-vinyl- 4H -1,3-dithiin, dimethyl trisulfide and diallyl disulfide).
Röstknoblauch	Dimethyltrisulfid	dimethyl trisulfide	10.1021/bk-2011-1068.ch007	https://api.openalex.org/works/doi:10.1021/bk-2011-1068.ch007	Abstract (OpenAlex)	Relative potency of individual odorants was determined by gas chromatography-olfactometry of decreasing static headspace samples (GCO-H) and by aroma extract dilution analysis (AEDA) of solvent extracts. Predominant odorants were mainly sulfur compounds (allyl methyl trisulfide, diallyl trisulfide, 2-vinyl- 4H -1,3-dithiin, dimethyl trisulfide and diallyl disulfide).
Röstknoblauch	Diallyldisulfid	diallyl disulfide	10.1021/bk-2011-1068.ch007	https://api.openalex.org/works/doi:10.1021/bk-2011-1068.ch007	Abstract (OpenAlex)	Relative potency of individual odorants was determined by gas chromatography-olfactometry of decreasing static headspace samples (GCO-H) and by aroma extract dilution analysis (AEDA) of solvent extracts. Predominant odorants were mainly sulfur compounds (allyl methyl trisulfide, diallyl trisulfide, 2-vinyl- 4H -1,3-dithiin, dimethyl trisulfide and diallyl disulfide).
Röstknoblauch	Acetaldehyd	acetaldehyde	10.1021/bk-2011-1068.ch007	https://api.openalex.org/works/doi:10.1021/bk-2011-1068.ch007	Abstract (OpenAlex)	Additional characterizing compounds included acetaldehyde, guaiacol, p -vinylguaiacol, eugenol, ( Z )-and ( E )-isoeugenol, 4-hydroxy-2,5-dimethyl-3( 2H )-furanone and vanillin. Based on these findings sulfur-containing compounds and thermally-derived nonsulfur-containing compounds are important contributors to the characteristic aroma of roasted garlic.
Röstknoblauch	Guaiacol	guaiacol	10.1021/bk-2011-1068.ch007	https://api.openalex.org/works/doi:10.1021/bk-2011-1068.ch007	Abstract (OpenAlex)	Additional characterizing compounds included acetaldehyde, guaiacol, p -vinylguaiacol, eugenol, ( Z )-and ( E )-isoeugenol, 4-hydroxy-2,5-dimethyl-3( 2H )-furanone and vanillin. Based on these findings sulfur-containing compounds and thermally-derived nonsulfur-containing compounds are important contributors to the characteristic aroma of roasted garlic.
Röstknoblauch	4-Vinylguaiacol	p -vinylguaiacol	10.1021/bk-2011-1068.ch007	https://api.openalex.org/works/doi:10.1021/bk-2011-1068.ch007	Abstract (OpenAlex)	Additional characterizing compounds included acetaldehyde, guaiacol, p -vinylguaiacol, eugenol, ( Z )-and ( E )-isoeugenol, 4-hydroxy-2,5-dimethyl-3( 2H )-furanone and vanillin. Based on these findings sulfur-containing compounds and thermally-derived nonsulfur-containing compounds are important contributors to the characteristic aroma of roasted garlic.
Röstknoblauch	Eugenol	eugenol	10.1021/bk-2011-1068.ch007	https://api.openalex.org/works/doi:10.1021/bk-2011-1068.ch007	Abstract (OpenAlex)	Additional characterizing compounds included acetaldehyde, guaiacol, p -vinylguaiacol, eugenol, ( Z )-and ( E )-isoeugenol, 4-hydroxy-2,5-dimethyl-3( 2H )-furanone and vanillin. Based on these findings sulfur-containing compounds and thermally-derived nonsulfur-containing compounds are important contributors to the characteristic aroma of roasted garlic.
Röstknoblauch	(Z)-Isoeugenol	( Z )-and ( E )-isoeugenol	10.1021/bk-2011-1068.ch007	https://api.openalex.org/works/doi:10.1021/bk-2011-1068.ch007	Abstract (OpenAlex)	Additional characterizing compounds included acetaldehyde, guaiacol, p -vinylguaiacol, eugenol, ( Z )-and ( E )-isoeugenol, 4-hydroxy-2,5-dimethyl-3( 2H )-furanone and vanillin. Based on these findings sulfur-containing compounds and thermally-derived nonsulfur-containing compounds are important contributors to the characteristic aroma of roasted garlic.
Röstknoblauch	(E)-Isoeugenol	( E )-isoeugenol	10.1021/bk-2011-1068.ch007	https://api.openalex.org/works/doi:10.1021/bk-2011-1068.ch007	Abstract (OpenAlex)	Additional characterizing compounds included acetaldehyde, guaiacol, p -vinylguaiacol, eugenol, ( Z )-and ( E )-isoeugenol, 4-hydroxy-2,5-dimethyl-3( 2H )-furanone and vanillin. Based on these findings sulfur-containing compounds and thermally-derived nonsulfur-containing compounds are important contributors to the characteristic aroma of roasted garlic.
Röstknoblauch	Furaneol	4-hydroxy-2,5-dimethyl-3( 2H )-furanone	10.1021/bk-2011-1068.ch007	https://api.openalex.org/works/doi:10.1021/bk-2011-1068.ch007	Abstract (OpenAlex)	Additional characterizing compounds included acetaldehyde, guaiacol, p -vinylguaiacol, eugenol, ( Z )-and ( E )-isoeugenol, 4-hydroxy-2,5-dimethyl-3( 2H )-furanone and vanillin. Based on these findings sulfur-containing compounds and thermally-derived nonsulfur-containing compounds are important contributors to the characteristic aroma of roasted garlic.
Röstknoblauch	Vanillin	vanillin	10.1021/bk-2011-1068.ch007	https://api.openalex.org/works/doi:10.1021/bk-2011-1068.ch007	Abstract (OpenAlex)	Additional characterizing compounds included acetaldehyde, guaiacol, p -vinylguaiacol, eugenol, ( Z )-and ( E )-isoeugenol, 4-hydroxy-2,5-dimethyl-3( 2H )-furanone and vanillin. Based on these findings sulfur-containing compounds and thermally-derived nonsulfur-containing compounds are important contributors to the characteristic aroma of roasted garlic.
